P1 - ch4_mf (kg s^-1),P2 - ch4_t (K),P3 - o2_mf (kg s^-1),P4 - o2_t (K),P5 - unif-ch4-op,P6 - x-ch4-op,P7 - t-avg-out-op (K)
0.000180118,398.7032801,0.001096354,495.0523796,0.54869181,0.14989482,476.45383
0.000180142,399.3108718,0.000996146,549.3713318,0.57011372,0.157883,518.31409
0.000180055,433.446599,0.001093557,491.5461892,0.57188535,0.15326558,479.86362
0.000180389,392.0186372,0.000933764,532.6165096,0.61042058,0.16839918,501.6647
0.000180073,385.389292,0.001030575,483.3971118,0.57963669,0.15762949,463.61096
0.000180522,386.4687529,0.001031952,525.8167467,0.55707675,0.15422934,498.03989
0.00018018,411.0520418,0.00103997,460.5810109,0.60604584,0.16113442,450.26852
0.000180184,363.5145768,0.001056222,526.0245157,0.53284454,0.14924271,495.12247
0.000180108,412.285529,0.000903356,540.6746892,0.6378215,0.17539987,510.80969
0.000180405,381.2813617,0.000950876,463.8166458,0.6352576,0.17179693,445.70746
0.000180073,410.2396641,0.001001331,480.8012597,0.61346096,0.16456205,465.70435
0.000180208,423.0354211,0.001003936,517.3644991,0.59797865,0.16193108,497.22037
0.00018013,416.8260997,0.00090894,482.8820537,0.67188817,0.18210487,467.11572
0.000180067,382.6702476,0.001072012,507.8297627,0.54419684,0.15029627,483.72003
0.000180016,439.6439052,0.000949161,509.3683878,0.64502096,0.17346755,493.24869
0.000180421,380.4355841,0.00101782,547.4444433,0.54993719,0.15370874,514.20105
0.000180268,439.1716286,0.001008796,473.7346425,0.63205403,0.16735327,466.11011
0.000180432,439.5349252,0.00109655,526.5648225,0.55481225,0.1508531,509.18896
0.000180545,376.471325,0.001068807,478.1061947,0.55907023,0.15282547,458.38428
0.000180487,366.1854045,0.00095768,473.6483411,0.61384273,0.16765316,450.784
0.00018033,423.7040842,0.001065155,453.1871549,0.60595465,0.15973999,447.07663
0.000180235,437.4326531,0.001046988,545.949487,0.56754065,0.1549339,523.56793
0.00018026,362.2394796,0.001018103,533.0107506,0.54619712,0.15308446,499.58493
0.000180005,370.2499558,0.000960467,549.9040516,0.5711394,0.15994531,512.70856
0.000180525,438.4329467,0.000970601,527.1597379,0.62195021,0.16803032,507.25739
0.000180128,415.5808699,0.001009385,499.9140413,0.60049176,0.16200708,482.03561
0.00018055,436.6893317,0.001072942,469.3623467,0.5995968,0.15846553,462.57706
0.000180126,396.2920942,0.000987651,481.4076882,0.61174411,0.16516489,463.25476
0.00018042,409.9061475,0.001082941,465.9612066,0.57974303,0.15502878,454.75449
0.000180132,397.2965249,0.000989914,531.5902813,0.58150154,0.1600724,503.52277
0.000180295,409.4157574,0.000962647,473.2028795,0.64095414,0.17191656,458.9501
0.00018018,424.4250594,0.000913574,533.5179754,0.64365524,0.17580514,507.97845
0.000180536,398.6614059,0.000947748,497.6921049,0.62760103,0.17062631,475.71619
0.000180272,378.7551741,0.000974324,452.165063,0.62711459,0.16871192,436.43439
0.000180105,415.7219402,0.001055241,475.3383231,0.59098059,0.15798733,463.10846
0.000180052,422.0779891,0.000971015,472.5008713,0.6437065,0.17180087,461.16971
0.000108707,588.6880096,0.001906432,201.2795866,0.43874678,0.087456033,246.53754
0.00011272,209.3766405,0.001834313,207.1998585,0.43220329,0.080984935,207.3974
0.000107606,549.3045926,0.000133426,203.2874903,0.9999969,0.59287363,443.45325
0.000107127,211.9176681,0.000322593,226.6476805,0.98555213,0.37062049,220.58224
0.000104978,583.0388031,0.001883342,698.3256413,0.3508569,0.072856247,686.14948
0.000105169,578.8825682,0.000115994,669.2707445,0.99998015,0.62077504,602.54169
0.000121432,218.9628223,0.001911997,696.2891956,0.45851746,0.07620459,649.31238
0.000119144,216.9087739,0.000127859,680.4652493,0.99979222,0.62711483,369.14304
0.000100588,393.5164003,0.001965362,425.2618981,0.36547387,0.069765694,422.46671
0.000179267,586.6767647,0.001960827,468.620903,0.38924366,0.1098673,486.16135
0.000100322,380.9496372,0.000128142,429.2971564,0.99998057,0.58567387,397.47662
0.000111321,392.2728046,0.000960929,219.6683761,0.66517937,0.13604507,247.78912
0.000106189,589.2897046,0.001026757,363.1318085,0.5573774,0.12029814,401.64053
0.000109705,209.9777577,0.001257112,450.7734405,0.46769226,0.095754758,423.40457
0.000141553,593.1427447,0.001006432,699.8432911,0.50124776,0.13325453,678.88263
0.000100711,396.5543591,0.001013388,696.856659,0.43986359,0.10137767,654.59277
0.000103301,397.2253116,0.001886666,678.5164708,0.40305343,0.068980247,651.51685
0.000113595,217.0215479,0.001002728,695.4069958,0.49649385,0.11053856,627.44641
0.00014286,387.6270928,0.00010027,638.3360332,0.9999941,0.72008091,442.09976
0.000112998,586.7637272,0.000157457,445.5916688,0.99994612,0.56438702,542.4787
0.000119479,207.2511469,0.000426229,454.607859,0.78255111,0.24951318,380.68359
0.000110309,403.6766807,0.001984106,210.1059815,0.39269489,0.081404082,228.87048
0.000106387,527.9115881,0.001566565,507.4677954,0.35686016,0.085435659,509.83655
0.000158495,306.1985971,0.001432037,274.2910047,0.48836195,0.12141702,278.70071
0.000139693,478.1237466,0.001545602,324.977773,0.44929183,0.10940127,346.4758
0.000163729,290.0584693,0.000539402,313.5227244,0.92437327,0.32795182,304.93268
0.000107895,380.2784341,0.000209929,222.5745058,0.99977696,0.48127139,308.37332
0.000102104,457.2678964,0.000854064,495.3471561,0.50849938,0.12174164,488.92987
0.000151573,510.6572306,0.000664401,276.4815962,0.91558236,0.27133149,358.23703
0.000148589,298.0348752,0.001836303,541.1575953,0.39501262,0.09199591,513.89008
0.000116698,212.5350559,0.001961039,398.0250329,0.42976144,0.074907675,381.81555
0.000116291,212.7972709,0.001080987,218.8474405,0.54018831,0.11842112,218.0336
0.000175081,486.458144,0.000533977,694.3964265,0.89488828,0.32953039,601.40204
0.000165873,595.4762268,0.001342211,550.8039151,0.47937205,0.12849112,558.89203
0.000148576,467.7454458,0.001461915,697.9420149,0.38598251,0.10495298,665.31299
0.000101497,358.0198525,0.001280969,422.6814109,0.41397855,0.09199141,415.25275
0.000103741,525.233205,0.00121306,200.6907393,0.60506558,0.11182343,247.83669
0.000137841,582.1032562,0.000705011,538.0989734,0.75882292,0.20160659,551.07477
0.000166382,282.4063977,0.000271156,548.7539318,0.99645966,0.52432644,392.98141
0.000106126,328.6874545,0.000558148,541.5249187,0.64758939,0.17045122,492.76971
0.000148388,325.0893969,0.001517654,687.2201791,0.41163927,0.10079505,640.388
0.00016787,599.723924,0.001440071,345.6102832,0.57819843,0.13549864,393.23666
0.000179967,520.9141548,0.000232163,400.0007417,0.99983001,0.58322567,483.37576
0.000157924,479.4667684,0.001866223,570.659413,0.35505497,0.097777747,558.9812
0.000128106,403.9718943,0.000646357,360.1573543,0.79820645,0.21324135,371.98575
0.000146882,516.654803,0.000157042,567.9603474,0.99996114,0.62807405,530.41583
0.000125241,567.2478099,0.001937519,375.4012681,0.35380486,0.089110106,398.22784
0.000156118,315.0551877,0.00195852,375.0175726,0.37427166,0.095307417,368.36392
0.000102368,470.1951508,0.000511772,674.6623571,0.70271403,0.1862137,617.69012
0.000170457,247.6891984,0.000886816,633.8306585,0.50653869,0.14864257,561.80499
0.000125553,392.3056732,0.001486987,560.2214569,0.38866273,0.094493113,539.74219
0.000158821,207.4192141,0.001161689,349.2822888,0.4901315,0.12945588,328.20996
0.000156917,204.8869952,0.001454553,625.1542863,0.45316854,0.10762828,570.33691
0.000178523,234.5998048,0.000727908,469.4361692,0.65493196,0.19490889,414.49814
0.000102297,292.9141994,0.001135395,560.4382706,0.45116389,0.096481629,527.66266
0.000104808,300.0571018,0.001734063,306.5900929,0.39567795,0.078999266,306.00018
0.000163509,598.7419783,0.000369663,661.1988383,0.99062037,0.44105235,624.65253
0.000149776,334.5411054,0.000604479,692.6651992,0.66514355,0.19590572,596.85547
0.000159742,433.5917444,0.001276683,200.4206729,0.69921058,0.15011129,242.77072
0.000165517,362.9604776,0.000704478,200.2257423,0.92763138,0.27994671,252.36772
0.000100919,217.5728838,0.001584107,580.1225784,0.46220472,0.07620766,545.53259
0.0001178,597.9287482,0.000451321,310.8334298,0.96535212,0.31142738,431.53683
0.00010419,291.0938442,0.000823641,386.05828,0.52983773,0.12619972,371.48642
0.000141485,422.4857247,0.000405499,493.6009765,0.96234649,0.37349153,460.35513
0.00013687,467.9874089,0.000140904,322.4716495,0.99999344,0.63688785,427.40442
0.000148194,303.2414118,0.001966775,224.3821203,0.41625217,0.097097114,233.04187
0.00014714,288.0861392,0.001456322,431.6828147,0.41399026,0.10674911,413.61725
0.000104983,470.7403779,0.00111518,353.0159008,0.48142967,0.10873848,369.86118
0.000122527,308.1858831,0.000164578,329.9862451,0.99995506,0.5734123,316.45868
0.000164886,246.5611951,0.000156203,402.8531751,0.99995518,0.65586686,294.3934
0.000152406,546.456971,0.001082489,428.2594682,0.60767967,0.14760685,452.42651
0.000161549,203.0362782,0.001949576,284.9632491,0.4101561,0.096995361,276.01819
0.000167741,485.6292721,0.001951999,243.0109057,0.48128924,0.11214431,277.33533
0.000161849,256.4461845,0.000101452,241.0992969,0.99999928,0.74231148,252.94374
0.000152555,589.4715862,0.001100367,242.2395755,0.76804769,0.17063864,322.34149
0.000113875,210.5099171,0.000656977,582.568474,0.53851491,0.14451645,513.82007
0.000105399,548.6472558,0.001209364,610.7238501,0.39415154,0.097436495,602.13934
0.000168502,598.2885343,0.000642286,355.9283797,0.93136489,0.30263051,455.57053
0.000137622,476.0719514,0.000889965,617.9127509,0.54130125,0.14235914,589.44086
0.000125069,511.9372354,0.000535536,395.9436752,0.89467609,0.26806164,437.50534
0.000106799,257.8714172,0.000129206,554.5898998,0.9999072,0.59874505,362.92374
0.00015592,550.3549913,0.001784741,677.8674951,0.35373577,0.098675855,660.64777
0.000168982,370.1841665,0.001083435,697.2457142,0.46184924,0.13269448,640.0351
0.000136687,423.3237099,0.001999125,326.3209949,0.3682839,0.090594508,337.12384
0.000108764,389.2430276,0.001455012,284.4816421,0.42205006,0.094067469,296.40997
0.000146116,450.9011922,0.001634601,458.8465615,0.38596389,0.10282625,457.79837
0.000103018,435.0366097,0.000161169,570.7769809,0.99978793,0.53567827,484.72687
0.000101607,494.4425066,0.001977101,625.7496627,0.37052265,0.068020597,613.1344
0.000102025,306.4068084,0.000583326,269.0832291,0.78579366,0.1930266,277.38544
0.000102103,321.6491323,0.000383341,679.0003611,0.77287871,0.23866895,562.06573
0.000158236,207.6867766,0.000678113,236.8990962,0.81726807,0.23970041,229.11374
0.000100336,313.3512378,0.001734118,489.1488134,0.4207646,0.072884627,473.05121
0.000100014,506.2732153,0.001814858,279.006689,0.36703223,0.08024364,302.40762
0.000157217,398.8239908,0.001145693,335.2478577,0.58543116,0.14288415,346.53183
0.000101053,598.3336446,0.000874683,236.1681495,0.73955923,0.14541011,308.65536
0.00014369,486.1243799,0.000131049,698.1018452,0.99994451,0.66437161,537.28284
0.000156906,444.9408303,0.000387892,204.7436609,0.99663341,0.42119664,324.73059
0.000100827,509.0254152,0.000552926,251.5287956,0.89306861,0.22632411,327.08469
0.000134687,573.4587822,0.001869707,558.1083345,0.33916554,0.090392932,559.99969
0.000100225,302.1138322,0.001660666,654.6850395,0.43334556,0.073138602,620.57037
0.000165193,587.0068329,0.001571507,216.0978002,0.65013945,0.13497332,283.18658
0.000105339,579.3754335,0.000660452,685.2540315,0.61128116,0.15128528,660.30243
0.00013964,300.282854,0.000519129,437.8977242,0.83327663,0.26631987,393.77939
0.000151839,205.8174583,0.001431502,215.6739459,0.49289164,0.11705002,214.37454
0.000176561,598.6376403,0.000610702,229.3807823,0.96918726,0.33465892,391.84415
0.000100194,283.724869,0.001262227,320.4016872,0.44214278,0.093204446,316.44931
0.000127717,210.7845194,0.001533478,328.8492072,0.44250879,0.095410541,315.96301
0.000167171,207.041747,0.001800037,513.0244343,0.42625937,0.099840648,477.21918
0.000145383,571.2617244,0.001588409,445.4740846,0.41164261,0.10848324,464.05484
0.000113413,476.2326401,0.000118224,452.429223,0.99999064,0.63398123,469.65549
0.000150499,254.7063632,0.00106144,529.0431786,0.46840674,0.12713911,486.62766
0.000111709,572.3993864,0.00148614,343.1091566,0.4180654,0.097523339,373.48657
0.000118595,219.620162,0.001975116,522.4135168,0.43743458,0.074200049,495.03156
0.000152065,201.9054604,0.0004416,636.4150166,0.74517965,0.25551325,496.36526
0.000171444,573.6982388,0.001987328,307.9688131,0.45403555,0.11228062,347.82471
0.000153721,559.6435453,0.000139566,276.48814,0.9999966,0.66541833,492.41043
0.000110818,507.0628961,0.000464229,547.9248727,0.85689735,0.25766909,533.13318
0.000101132,457.3024416,0.001411404,671.9094944,0.39902598,0.083663002,646.84943
0.000122168,379.2479761,0.00088192,594.4639431,0.48992431,0.12806927,557.32745
0.000134148,371.766789,0.001592821,386.1911251,0.39587697,0.098734856,384.4527
0.00016423,320.6397049,0.001974682,691.02859,0.39754474,0.092538089,647.29584
0.00015747,405.9268696,0.001681806,257.2766204,0.47924694,0.11383198,277.6922
0.00010533,461.7637814,0.001986634,510.7943864,0.35392609,0.071535431,506.14124
0.000136924,486.381354,0.001134362,515.7577201,0.47369832,0.12313081,510.82944
0.000167021,458.0888976,0.000579417,379.7800155,0.92663556,0.31889412,411.36002
0.000133128,217.4790192,0.000519093,338.2381096,0.81155431,0.24980077,303.75433
0.000102105,302.1779204,0.001219286,687.2222167,0.45103455,0.090912387,640.91107
0.000157158,388.749867,0.001771342,627.5348744,0.37662268,0.097211771,597.74109
0.000165098,374.9767022,0.000376669,352.3025964,0.9938522,0.43997484,363.93509
0.000160528,498.249539,0.000601463,550.423418,0.8608194,0.27823201,530.57336
0.000101474,450.243079,0.00143714,447.6576164,0.37915355,0.086833797,447.95166
0.000143207,306.1292946,0.001028671,347.8832833,0.54429704,0.13758524,341.09464
0.00010277,586.8038,0.000946426,489.822544,0.50507587,0.11786329,506.4476
0.000175681,377.5067187,0.001536142,471.2451183,0.41684684,0.1171767,457.63992
0.000102158,530.8963545,0.000155023,320.6313975,0.99995911,0.54332083,457.29529
0.000137948,351.7094347,0.000100665,488.3185899,0.99999583,0.71218622,383.8837
0.000119086,319.3547934,0.001467721,211.8192452,0.47433227,0.10123518,224.27351
0.000166629,411.2276865,0.000581191,613.2177162,0.82619178,0.27285123,539.67175
0.00013224,293.9657964,0.000840351,214.2699081,0.74432158,0.17456242,230.0015
0.000165871,319.7419035,0.000196567,698.612944,0.99945533,0.60353065,443.19229
0.000135785,490.8308827,0.001131031,268.9335031,0.64643455,0.13989636,309.08347
0.000178395,584.1909697,0.001337709,660.9959646,0.46098271,0.12987036,646.92737
0.000175087,216.2937874,0.001521323,403.6144063,0.42816985,0.11431114,379.13629
0.000105716,493.530517,0.001803855,414.7866906,0.34626758,0.079478301,422.9516
0.000146633,327.6453041,0.001157828,616.0893515,0.43665105,0.11800148,572.67749
0.000143344,372.2328684,0.001972696,488.2744813,0.36347356,0.088246129,475.56653
0.000133573,366.9558542,0.001033099,466.7160511,0.48740971,0.12644549,450.60123
0.000128856,532.1757737,0.001634441,201.9661998,0.5396772,0.10731814,247.94533
0.000116436,446.6021593,0.001425944,200.4801985,0.53714752,0.10637113,232.72243
0.00010302,228.3252159,0.000115699,340.2182495,0.99998897,0.61652553,266.96252
0.000179094,309.7986982,0.000361707,200.9623558,0.99873483,0.47167987,257.32333
0.000174539,592.2563791,0.000446766,508.2243745,0.9742648,0.40415907,553.27075
0.000155617,366.2416417,0.000107208,245.7791283,0.99999952,0.72381938,338.64258
0.000150985,588.2390957,0.000179974,386.7824577,0.99997681,0.60235459,531.5329
0.000135659,258.0365287,0.001465038,542.5794336,0.42834631,0.098779775,508.5177
0.000115615,207.8582398,0.001071919,333.8074346,0.49001938,0.11223458,317.43021
0.000174018,439.6170826,0.000782543,255.9482314,0.89370978,0.26083854,314.48788
0.000125197,295.871109,0.000827475,639.4050642,0.49308437,0.13143559,580.22351
0.000154706,334.7142052,0.000587508,531.0003185,0.77638191,0.23957652,470.84296
0.000100705,285.3656925,0.000370568,408.5428559,0.90188652,0.29632026,365.74359
0.000130874,293.069691,0.000369728,209.3457745,0.99193174,0.38772625,245.42506
0.000156665,555.5149597,0.001034367,607.6797119,0.54645801,0.14396021,596.948
0.000177398,512.9357227,0.001036474,203.3036873,0.85463178,0.21203643,286.39221
0.000143382,466.9131736,0.00119397,400.9388827,0.51499999,0.12775569,412.00284
0.000142052,473.6331496,0.001999104,665.5855408,0.3564643,0.08574073,643.44861
0.000128269,572.7612321,0.001279881,506.5055381,0.43300992,0.11155339,516.83838
0.000152144,569.5576442,0.001989557,210.8772615,0.50860667,0.10759243,261.93564
0.000152962,438.3626217,0.000100474,415.4818375,0.99999845,0.73325801,433.73993
0.000124133,401.4290533,0.000563282,254.5054266,0.91113776,0.2627472,300.71875
0.000120434,546.4549732,0.001542169,690.2797328,0.36397365,0.090397872,672.03815
0.000110463,526.3295336,0.001249722,426.7169332,0.42551652,0.10330074,440.70587
0.000168775,427.8122401,0.001431226,606.8832835,0.41064081,0.1162534,579.74084
0.000178992,377.1118124,0.000317906,538.1779116,0.99629748,0.50290734,443.22287
0.00010543,344.0004318,0.000189436,582.9488769,0.99901426,0.5008232,444.1189
0.000116578,589.9127372,0.00056172,446.0544077,0.85497987,0.2368103,494.70764
0.000150678,505.0742031,0.001866603,406.0717996,0.37529588,0.10041437,418.98068
0.000100629,381.4604709,0.000932681,357.038441,0.51502299,0.11642764,360.63727
0.000158302,245.2684459,0.001193616,694.7173839,0.45482713,0.11888324,627.76959
0.000143601,233.8555464,0.001983892,605.3067299,0.42701185,0.084841378,566.49023
0.000175636,496.0860559,0.001423636,524.8842556,0.45212227,0.12553756,520.06964
0.000126953,403.7515127,0.000528005,655.517934,0.74310386,0.21655144,578.94165
0.000147128,533.1281228,0.000612411,646.1678904,0.79549152,0.23633942,607.39777
0.000176693,549.9083527,0.000827603,507.0241558,0.77450216,0.2170065,520.10132
0.00013918,572.4270568,0.000486988,216.7051604,0.9742012,0.3333368,370.41141
0.000113917,214.1619307,0.001137422,582.215209,0.47969168,0.10318557,535.2572
0.000109606,243.0199637,0.000498302,670.8363662,0.60369945,0.17261022,570.82617
0.000144225,484.1366921,0.000756247,459.8653356,0.73684347,0.19319807,466.27206
0.00010268,393.3070294,0.000553608,438.4605246,0.73751104,0.18794291,427.17191
0.000127441,222.5503969,0.000906156,444.8680165,0.50335318,0.12943156,410.39688
0.000103762,236.724909,0.001610324,414.056711,0.4422904,0.078801252,397.56097
0.000127338,597.0168477,0.001480241,251.7870711,0.54554129,0.11278222,304.90521
0.000125242,350.3532856,0.001954483,586.4172162,0.39263403,0.07875517,562.39752
0.000128567,585.3865318,0.000413216,602.2709058,0.94810176,0.34245348,594.17767
0.000175617,277.6906768,0.000478431,640.6909536,0.83760893,0.31503341,499.62057
0.000100148,461.6842542,0.00149691,339.9240511,0.38793859,0.087074995,353.49429
0.000137774,273.7585298,0.000485843,594.4906197,0.75294888,0.2383306,496.51074
0.000116514,505.0269157,0.001142936,693.8388024,0.40920299,0.10497133,665.85968
0.000121229,234.3357301,0.001480145,662.1908694,0.45775786,0.09075743,613.12598
0.000102627,592.1647335,0.000770712,585.7986896,0.56341928,0.13402055,587.07269
0.000161166,513.2795002,0.001437702,240.9770861,0.62793136,0.13601549,288.79254
0.00014546,215.1286616,0.000214982,530.2482266,0.99752843,0.54892254,342.62589
0.000102864,383.5804166,0.001896421,323.9420747,0.36446005,0.075148642,329.36569
0.000133482,521.5859796,0.001545677,582.6642235,0.3704927,0.098504655,574.50562
0.000173721,455.0733294,0.001340187,302.6666994,0.60148048,0.14298174,330.24423
0.000106346,433.4470321,0.001204989,525.0274163,0.40918115,0.097822599,513.09503
0.000132843,296.832336,0.000172029,647.3640042,0.99960315,0.58217055,420.80774
0.00010526,461.6653938,0.001659659,564.4244541,0.36892238,0.079299971,553.47778
0.0002,400,0.001,500,0.63969344,0.17687391,477.12903
0.00018,400,0.001,500,0.63991117,0.17697169,477.11371
0.00022,400,0.001,500,0.63969344,0.17687391,477.12881
0.0002,400,0.0009,500,0.68878388,0.1950773,474.73236
0.0002,400,0.0011,500,0.58550298,0.16183187,479.18958
0.0002,360,0.001,500,0.60763836,0.17108601,469.6973
0.0002,440,0.001,500,0.66525972,0.18220672,485.55814
0.0002,400,0.001,450,0.66181594,0.18145712,438.422
0.0002,400,0.001,550,0.6100769,0.17127499,516.43732
0.000185916,371.8317608,0.000929579,464.789701,0.67649204,0.18979718,442.47269
0.000214084,371.8317608,0.000929579,464.789701,0.67434406,0.1891637,442.54333
0.000185916,371.8317608,0.001070421,464.789701,0.60386187,0.16636594,445.31268
0.000214084,371.8317608,0.001070421,464.789701,0.59990168,0.16576338,445.39713
0.000185916,428.1682392,0.000929579,464.789701,0.71670705,0.20014223,455.26599
0.000214084,428.1682392,0.000929579,464.789701,0.72190189,0.20188601,455.15848
0.000185916,428.1682392,0.001070421,464.789701,0.63661146,0.17212129,456.61505
0.000214084,428.1682392,0.001070421,464.789701,0.64078861,0.17285678,456.56668
0.000185916,371.8317608,0.000929579,535.210299,0.6477837,0.18343808,496.548
0.000214084,371.8317608,0.000929579,535.210299,0.64048862,0.1818614,496.93805
0.000185916,371.8317608,0.001070421,535.210299,0.57290244,0.16114675,501.50909
0.000214084,371.8317608,0.001070421,535.210299,0.56233466,0.15956652,501.92368
0.000185916,428.1682392,0.000929579,535.210299,0.67682719,0.18979704,508.31155
0.000214084,428.1682392,0.000929579,535.210299,0.67986715,0.19058523,508.14951
0.000185916,428.1682392,0.001070421,535.210299,0.59826887,0.16530377,511.91779
0.000214084,428.1682392,0.001070421,535.210299,0.59826887,0.16530377,511.91779
0.000180142,398.4584319,0.000998277,549.3713318,0.61035931,0.171433,515.60126
0.000180118,438.541553,0.000996758,495.0523796,0.6692158,0.18330443,481.39185
0.000180064,361.1849208,0.000990475,495.8594313,0.61764288,0.17350329,466.31671
0.000181941,408.7205034,0.000904989,500.1546881,0.70308566,0.19873543,476.48523
0.000182264,396.2496369,0.000996136,453.9336752,0.6611079,0.18154851,440.57822
0.000180554,395.6389686,0.001093402,507.9645088,0.58122021,0.16148558,484.65131
0.000182062,439.3307593,0.001001838,452.0211963,0.69396287,0.18864806,448.89587
0.00018066,435.2280491,0.000998613,545.7032942,0.63679814,0.17627402,519.80615
0.000181153,360.3726481,0.000997859,538.7603668,0.59004116,0.1679597,500.53278
0.000182719,398.0095835,0.000908511,549.0813992,0.66503429,0.18869488,511.69962
0.000180124,380.6221151,0.000933351,500.9810895,0.66092128,0.18593168,472.2655
0.000183258,401.3047261,0.000906399,453.7694881,0.7217654,0.20381914,440.0968
0.000184645,400.7484021,0.001097672,457.5985903,0.61600202,0.16680372,445.4924
0.000183652,439.7948464,0.001093328,496.480184,0.61655539,0.16715197,484.03079
0.000181333,361.694696,0.001089474,503.7386272,0.56226534,0.15878987,475.32022
0.000182575,438.8617429,0.000913618,496.695492,0.71891123,0.20245908,481.22653
0.000180511,367.9403499,0.000993925,456.0452958,0.64190507,0.1777503,436.35779
0.000180117,382.749084,0.001012828,523.0237452,0.6063143,0.16996001,492.35641
0.000183017,411.7378042,0.00109566,485.0770787,0.60471976,0.16508231,469.44724
0.000180293,410.918627,0.001049556,521.7901575,0.60604775,0.16777277,497.55402
0.000180522,412.7807184,0.000966172,525.8167467,0.65280479,0.18173075,498.87811
0.000181577,392.6704275,0.001049371,470.9339089,0.624807,0.1710722,453.83673
0.00018003,418.8172444,0.001030842,477.9848102,0.64808887,0.17663562,464.41644
0.00018418,360.7957063,0.000911279,493.3331934,0.6669032,0.18921556,461.55954
0.000180039,408.9358624,0.000941862,474.0803374,0.6960876,0.19382632,457.75098
0.000180489,383.8371018,0.000980559,476.3777782,0.65221602,0.18065371,455.03708
0.000182297,437.95071,0.001040944,512.3778813,0.63380778,0.17317382,495.36038
0.000180177,378.3524997,0.001099021,485.1451311,0.57968074,0.16104738,463.35428
0.000180497,389.3255056,0.001059312,546.4406975,0.57302022,0.16177788,513.58258
0.000183287,415.8292152,0.001023301,450.0960397,0.66832656,0.18132594,442.09366
0.00018013,363.5759524,0.001042065,482.8820537,0.59677094,0.16684365,457.82254
0.000180868,393.2245541,0.000909898,519.9590108,0.67713755,0.19153109,488.43146
0.000185143,419.2934036,0.000999153,496.9536293,0.6546666,0.17997895,478.70233
0.000182876,439.4805882,0.000959449,513.3443111,0.68103898,0.18867442,494.85962
0.000180288,388.5108047,0.000927765,473.2389521,0.68493694,0.19205607,452.43881
0.000181216,389.3234478,0.000962829,522.6138437,0.64028674,0.17947273,491.64905
0.000180752,412.5979407,0.000905396,530.2602169,0.68848205,0.19470583,500.12531
0.000181502,412.2986577,0.001067926,546.9161423,0.58293194,0.16293094,518.22583
0.000180258,364.0517811,0.000966113,519.8373666,0.6198405,0.1753846,484.99521
0.000180432,438.6201319,0.001098837,526.5648225,0.59500152,0.16331223,507.616
0.000180076,365.7886067,0.000912062,518.3769907,0.65552247,0.18649553,481.97699
0.000180808,421.0506782,0.000976697,452.2563083,0.69705617,0.19130908,444.53476
0.000181274,414.5473945,0.000952597,499.8803263,0.67735177,0.18831941,478.90143
0.00018124,435.7382615,0.001048157,488.0150829,0.64290279,0.17455606,476.0426
0.000183051,438.7966041,0.000902589,521.0529846,0.71172172,0.2013413,499.03497
0.000181968,422.0596709,0.00090148,480.5722502,0.72586256,0.20563072,464.88205
0.000180212,374.9909077,0.001047879,509.3325667,0.58867538,0.16508158,481.06955
0.000181042,360.5637382,0.001091454,475.9631859,0.5739035,0.16059764,452.76828
0.000180421,407.1278314,0.000951089,547.4444433,0.64546096,0.18123677,514.01581
0.000180279,378.6627623,0.000962185,542.1510608,0.62158471,0.17582656,504.99567
0.000182095,414.4238947,0.001020242,545.1382292,0.61104065,0.17024888,515.90833
0.000181741,436.0602747,0.001094344,450.2559173,0.64248306,0.17180753,447.08719
0.00018171,396.0791679,0.001053322,496.0109638,0.61134809,0.16852003,474.34839
0.000182943,377.1048411,0.001010476,546.1769998,0.59069836,0.16731064,509.72757
0.000183518,429.5980943,0.0009678,483.0173588,0.68808389,0.18978657,469.73724
0.000180996,435.0880936,0.001091519,549.6651283,0.58351022,0.1618299,525.14679
0.000183183,369.030473,0.00095472,487.6076704,0.64625293,0.18140125,460.30511
0.000181781,439.7877658,0.000904499,473.6790193,0.73912525,0.20943277,464.36029
0.00018283,397.1422872,0.000955655,493.0745947,0.66584831,0.18541285,470.11795
0.000180681,418.450693,0.00090021,457.5538681,0.73908192,0.20983548,446.94876
0.00018159,375.9428408,0.001016489,493.1082331,0.6146993,0.17133409,467.5549
0.000180748,406.8656752,0.001062617,450.1381479,0.63741022,0.17265908,440.58151
0.000180321,439.0358506,0.001047221,535.1499325,0.61775327,0.16985585,513.50238
0.000180203,423.1939598,0.001003225,525.6440027,0.6379512,0.1762494,501.87958
0.000183039,406.4992256,0.000996286,475.2845202,0.66134501,0.18163176,459.16241
0.000181034,360.6734159,0.001089441,543.8541489,0.54285425,0.15553789,507.68927
0.000181473,386.4021138,0.001093486,528.01445,0.56407601,0.15877302,499.15866
0.000180507,414.7474249,0.001068055,501.9290194,0.6106301,0.16753463,482.95068
0.00018369,382.2957502,0.001093912,452.0639923,0.60490674,0.16525237,437.52209
0.000181182,374.7350707,0.000904233,451.1594702,0.69711471,0.19691561,432.17209
0.000180583,367.9701914,0.000948563,450.5133635,0.66890717,0.18649669,431.16306
0.000181521,361.4074033,0.001074652,450.6574981,0.59789306,0.16522491,432.276
0.00018118,439.6599592,0.00094118,545.1399173,0.67435396,0.18834114,518.58771
0.000182914,416.8609623,0.001099722,530.8413508,0.57851672,0.16069618,506.94092
0.000180665,424.3118897,0.000910478,508.9864311,0.70450789,0.19863869,486.85324
0.000180103,436.1309582,0.001033736,465.3187418,0.6652686,0.17999712,458.45435
0.000181448,403.1394687,0.001014026,528.9251347,0.6162864,0.17160355,500.81836
0.000182748,376.3838694,0.000906842,482.817865,0.68118966,0.19261788,456.68665
0.000181637,360.9775659,0.000905939,468.4864458,0.68347359,0.19363394,442.30646
0.000182326,411.8373938,0.001065867,470.3530645,0.62958854,0.17100507,457.4534
0.000182238,388.1336448,0.00103938,451.3376091,0.63830823,0.17414647,437.37216
0.000180133,395.3704708,0.001096847,473.9005737,0.60032636,0.16434883,457.42892
0.000181244,401.5946362,0.001096376,538.1224688,0.56670767,0.15901403,509.9852
0.000180775,423.5531627,0.000904941,546.0035309,0.68659836,0.19420062,514.43372
0.000180999,426.4887823,0.001087467,513.5313122,0.60095811,0.16487394,494.74765
0.000181691,411.9785095,0.000937541,451.0497947,0.71314037,0.19862221,441.07471
0.000183757,364.3139433,0.001035436,464.5503816,0.6113084,0.16966745,443.21002
0.000182109,362.3774337,0.001067141,521.4886065,0.56419939,0.16009857,489.21561
0.000180005,384.1866054,0.000925625,549.9040516,0.64363271,0.18271869,510.50381
0.00018421,436.9780972,0.000969383,464.3862173,0.70346403,0.19351605,457.44534
0.000180016,379.6644146,0.00109911,509.3683878,0.56725347,0.15905501,483.09149
0.000182145,360.0967101,0.000979207,476.7661869,0.6322158,0.17702799,450.78787
0.000182544,433.0237137,0.000904688,451.4399717,0.74875617,0.21246181,446.35498
0.000183142,386.9507536,0.001024903,506.5924998,0.61180818,0.17026627,480.43839
0.000183677,412.9763155,0.001018634,513.2119397,0.62974417,0.17377235,490.48807
0.000180649,381.5914635,0.00096664,456.7133901,0.66558194,0.18449333,439.13602
0.000183123,400.9229259,0.000903929,476.7614869,0.71044159,0.20086204,457.14169
0.000184058,406.7914039,0.001036163,485.4909926,0.63300544,0.17333125,467.8728
0.000182945,402.7436022,0.00097024,512.2102521,0.65093911,0.18110926,486.4418
0.000183221,378.5361848,0.000933617,518.5753587,0.6528101,0.18419357,485.36807
0.000185607,382.2590072,0.000974628,495.1425255,0.64212769,0.17909472,469.25201
0.000180224,387.582767,0.001019221,480.691491,0.63146448,0.17411511,459.97067
0.00018408,424.7113107,0.000931359,492.8880663,0.70118821,0.19600041,475.37585
0.000180602,429.2372924,0.000956323,531.3609396,0.66623938,0.18536909,506.28174
0.000180354,361.8043304,0.001030947,528.9000183,0.57878917,0.16426648,493.99869
0.00018033,426.0620402,0.00105926,453.1871549,0.65296954,0.1758749,447.0108
0.000183174,384.2286643,0.000900118,506.512508,0.68193012,0.19352524,476.03232
0.000181723,382.1448835,0.001013607,463.4996751,0.63922262,0.1758987,445.33929
0.000185009,404.4622712,0.000984542,537.3889215,0.62927336,0.17580852,506.83298
0.000182776,420.2577095,0.000971473,544.0232713,0.64398175,0.17950849,514.67078
0.000183767,402.8196445,0.001026235,460.601104,0.64660835,0.17661268,447.52808
0.000185041,379.1782985,0.000979965,528.4838701,0.61935222,0.1743101,494.96848
0.000181394,382.4293398,0.001068748,496.5350259,0.59140372,0.16442114,472.6109
0.000185468,418.115414,0.001098508,460.3574142,0.62290353,0.16801955,451.20908
0.000181081,402.0692311,0.000958968,459.8472098,0.68677294,0.19011216,445.76376
0.00018088,373.4852542,0.001044641,539.1044207,0.57410806,0.16272999,504.57416
0.000181029,438.8905986,0.001088156,468.0463052,0.63589096,0.1709448,461.53464
0.000181031,427.8367252,0.001003694,473.3372353,0.67199421,0.18345736,462.44821
0.000181568,360.9921867,0.000941236,536.8188007,0.62338829,0.17764422,496.83508
0.000181773,375.7415892,0.000967146,507.974204,0.63390136,0.17803277,477.84329
0.000185356,427.33452,0.00105791,506.9885161,0.62125498,0.16989185,489.25745
0.000180956,424.6851324,0.001091429,471.8922541,0.62329066,0.16846341,461.57611
0.000181347,365.1416202,0.000999403,513.3304375,0.60670829,0.17090315,481.11273
0.000180041,398.0871294,0.0010749,524.3766417,0.5827291,0.1626136,497.83545
0.000181857,383.0114593,0.000914727,533.4454313,0.65921724,0.18697394,496.99042
0.000180312,380.0723451,0.001064896,472.6749139,0.6054008,0.16693233,453.08307
0.000182988,439.6997391,0.001005597,512.7403767,0.65435272,0.17947413,495.38406
0.000182074,376.2702981,0.001059288,450.3728603,0.61857599,0.16943684,434.57281
0.000180734,377.0071663,0.001077013,545.2108977,0.55737787,0.15842572,511.04288
0.000185355,381.6540697,0.000927209,450.5398974,0.68943715,0.19309092,433.7048
0.000180502,425.3684107,0.001034749,537.3922394,0.61455548,0.17002822,512.28754
0.000180582,389.6278127,0.001062165,511.4667632,0.59116828,0.16467156,485.69846
0.000181405,364.9146677,0.000937894,501.2897372,0.6490581,0.18320553,469.51682
0.000182534,393.7326312,0.000912881,495.6558508,0.68727541,0.19384125,470.16693
0.000183259,394.2895064,0.000991396,486.1274712,0.64723408,0.17895459,464.99936
0.000180451,395.8878067,0.001086682,490.9454173,0.59508252,0.16403627,470.95886
0.000185231,361.5223615,0.001054436,545.1975034,0.5586561,0.15969057,507.84763
0.000184696,402.2941314,0.001056634,535.918641,0.58844495,0.16444413,507.3609
0.000180118,392.0477675,0.001070474,452.2673004,0.62411547,0.16973606,439.29034
0.000185285,392.010321,0.000936159,518.1361509,0.6593253,0.18535914,487.82993
0.00018256,438.9448151,0.000947815,495.7357009,0.69823861,0.19388725,481.19214
0.000180006,390.1792175,0.000903895,459.4377624,0.7114237,0.20113958,441.69443
0.000183816,372.9443902,0.001097344,520.8304532,0.55769253,0.157627,491.18228
0.000182223,394.9708887,0.000995825,517.7793404,0.62767422,0.17484985,489.97632
0.000180269,387.2955305,0.000995934,539.2904134,0.60965776,0.1714981,505.52994
0.000184286,436.2946164,0.000909481,549.2578391,0.68998897,0.19471717,519.85425
0.000185109,377.4969766,0.001072725,511.0518664,0.5778529,0.16200116,483.47168
0.000181108,366.831211,0.00105963,496.6715887,0.58357817,0.16368058,469.80869
0.000182322,373.41763,0.001026167,451.0462677,0.63367885,0.17406933,434.03925
0.000181175,429.9710548,0.000974998,503.2578577,0.67173886,0.18537503,485.37625
0.000185387,406.4632476,0.001012546,498.7635766,0.63772309,0.17567062,477.74173
0.000184914,427.0664287,0.000945659,511.5598881,0.68271983,0.1901191,490.38928
0.000183332,402.5669722,0.001032087,549.8872068,0.59399498,0.1666394,517.84338
0.000180295,416.3006242,0.001025122,499.5315233,0.63667727,0.17467517,480.59024
0.00018348,366.5589682,0.000901065,536.6184479,0.65384102,0.18687379,495.73309
0.000181977,379.8227674,0.001049776,524.7650049,0.5833959,0.16403234,494.29272
0.000184637,409.7302121,0.00092279,466.4373354,0.71147054,0.19947551,451.84445
0.000180206,431.7465318,0.000914085,531.987389,0.69373423,0.19537739,505.97272
0.000185527,428.9490655,0.001006103,457.7876643,0.68130314,0.18538244,450.83664
0.000180492,421.2368393,0.001068912,531.3765063,0.59684235,0.16516338,507.53125
0.000181016,407.494627,0.001096015,520.1949959,0.58048815,0.1612094,496.64371
0.000180334,412.5964916,0.000928649,510.7065717,0.68441975,0.19185703,486.07852
0.000182185,425.981925,0.001036625,518.8109573,0.62488431,0.17176931,497.8613
0.000184561,411.6368541,0.00099086,522.2049552,0.6394406,0.17736953,496.55353
0.000185361,419.5821093,0.000933476,477.5778833,0.70600063,0.19712266,462.69601
0.000184151,439.7909363,0.001027172,479.0973434,0.66244841,0.17982809,469.81268